country,year,emp_to_pop,fertility_rate,flfpr,gdp_capita_const,gini_index,net_migration,total_population
AUS,1960,,3.453,,19905.3134669222,,85707.0,10276477.0
AUS,1961,,3.54,,19997.5450015954,,64495.0,10483000.0
AUS,1962,,3.442,,19767.9570765171,,58315.0,10742000.0
AUS,1963,,3.332,,20597.9260588196,,73237.0,10950000.0
AUS,1964,,3.146,,21607.4922239031,,91588.0,11167000.0
AUS,1965,,2.977,,22455.2509839049,,118891.0,11388000.0
AUS,1966,,2.881,,22470.5176072033,,110864.0,11651000.0
AUS,1967,,2.848,,23587.6281171848,,80904.0,11799000.0
AUS,1968,,2.888,,24355.6282531611,,100963.0,12009000.0
AUS,1969,,2.886,,25531.5365288498,,108770.0,12263000.0
AUS,1970,,2.859,,26829.7630995603,,256295.0,12507000.0
AUS,1971,,2.961,,26975.665521972,,223991.0,12937000.0
AUS,1972,,2.744,,27520.0005055853,,54895.0,13177000.0
AUS,1973,,2.491,,27812.4455074509,,62928.0,13380000.0
AUS,1974,,2.397,,28231.0239084901,,56167.0,13723000.0
AUS,1975,,2.148,,28258.0654813537,,25336.0,13893000.0
AUS,1976,,2.06,,28700.2946314702,,32792.0,14033000.0
AUS,1977,,2.007,,29399.0024788699,,44946.0,14192000.0
AUS,1978,,1.949,,29318.7463550853,,45832.0,14358000.0
AUS,1979,,1.907,,30178.3894488631,,52137.0,14514000.0
AUS,1980,,1.891,,30717.7780327511,,89189.0,14692000.0
AUS,1981,,1.935,,31251.8203349363,31.3,121921.0,14923260.0
AUS,1982,,1.929,,31736.0447520616,,111722.0,15184247.0
AUS,1983,,1.924,,30608.3684024318,,73251.0,15393472.0
AUS,1984,,1.84,,31632.3892749783,,79617.0,15579391.0
AUS,1985,,1.923,,32861.4162378766,32.5,98327.0,15788312.0
AUS,1986,,1.868,,33674.1705521479,,113061.0,16018350.0
AUS,1987,,1.845,,34014.7354121968,,136421.0,16263874.0
AUS,1988,,1.831,,35389.4553320904,,153330.0,16532164.0
AUS,1989,,1.838,,36143.1477787181,33.2,144042.0,16814416.0
AUS,1990,,1.902,52.307,36886.1444273767,,100093.0,17065128.0
AUS,1991,57.218,1.849,52.038,36279.7540525751,,68847.0,17284036.0
AUS,1992,56.24,1.888,51.996,36029.4845675544,,40767.0,17478635.0
AUS,1993,55.787,1.859,51.77,37155.5123959647,,23833.0,17634808.0
AUS,1994,56.943,1.842,52.67,38264.146671105,,51941.0,17805468.0
AUS,1995,58.283,1.822,53.675,39310.7982327944,32.6,80456.0,18004882.0
AUS,1996,58.233,1.796,53.859,40337.1060519133,,82965.0,18224767.0
AUS,1997,57.967,1.778,53.66,41464.4982180697,,67661.0,18423037.0
AUS,1998,58.281,1.762,53.721,42967.6616681962,,81310.0,18607584.0
AUS,1999,58.582,1.755,53.727,44636.9418129494,,92900.0,18812264.0
AUS,2000,59.303,1.756,54.618,45859.5162097045,,111186.0,19028802.0
AUS,2001,59.164,1.739,55.158,46191.3142366289,33.5,117552.0,19274701.0
AUS,2002,59.459,1.756,55.355,47486.2783216389,,108852.0,19495210.0
AUS,2003,59.935,1.748,56.013,48394.1269478095,33.5,104437.0,19720737.0
AUS,2004,60.144,1.768,55.774,49902.0187022536,33.1,110072.0,19932722.0
AUS,2005,61.26,1.807,57.048,50853.1976727529,,131371.0,20176844.0
AUS,2006,61.747,1.908,57.582,51553.9685966991,,191985.0,20450966.0
AUS,2007,62.415,1.959,58.135,52531.7611201084,,249873.0,20827622.0
AUS,2008,62.783,1.984,58.603,53336.1012157008,35.4,275773.0,21249199.0
AUS,2009,61.856,1.971,58.792,53237.0077642312,,235628.0,21691653.0
AUS,2010,62.066,1.928,58.676,53578.8125049759,34.7,166752.0,22031750.0
AUS,2011,62.184,1.926,58.931,54111.357240336,,197657.0,22340024.0
AUS,2012,61.836,1.92,58.833,55257.5739287362,,235776.0,22733465.0
AUS,2013,61.343,1.855,58.739,55728.0174035719,,215823.0,23128129.0
AUS,2014,60.849,1.826,58.704,56327.8533063277,34.4,200177.0,23475686.0
AUS,2015,61.135,1.814,59.151,56739.0265346593,,212350.0,23815995.0
AUS,2016,61.242,1.752,59.381,57401.0662268939,33.7,254648.0,24190907.0
AUS,2017,61.599,1.741,59.877,57750.6482221688,,255023.0,24592588.0
AUS,2018,62.232,1.74,60.523,58530.7821697117,34.3,226412.0,24963258.0
AUS,2019,62.607,1.657,60.959,58924.733646242,,207142.0,25334826.0
AUS,2020,60.901,1.581,60.205,58132.798523626,33.8,44447.0,25649248.0
AUS,2021,62.591,1.7,61.273,59276.503107197,,116768.0,25685412.0
AUS,2022,64.216,1.63,62.314,61009.8077147403,,140972.0,26014399.0
AUS,2023,64.334,1.5,62.374,61598.1776089916,,140232.0,26652777.0
AUS,2024,63.999,,62.356,61211.8967637303,,138510.0,27204809.0
BRA,1960,,6.051,,2603.51901042994,,4066.0,72388126.0
BRA,1961,,6.022,,2743.38888844205,,75.0,74605447.0
BRA,1962,,5.984,,2838.47229916639,,-7171.0,76865323.0
BRA,1963,,5.93,,2772.5799490463,,-8136.0,79164235.0
BRA,1964,,5.818,,2785.07443212682,,-8146.0,81488595.0
BRA,1965,,5.677,,2772.67176390786,,-8824.0,83817583.0
BRA,1966,,5.516,,2878.69979349639,,-9317.0,86139359.0
BRA,1967,,5.336,,2921.3724263796,,-10033.0,88446124.0
BRA,1968,,5.165,,3126.53548183139,,-8856.0,90741240.0
BRA,1969,,5.041,,3338.76247436022,,-7763.0,93045777.0
BRA,1970,,4.934,,3595.95086280878,,-18779.0,95375651.0
BRA,1971,,4.838,,3907.01225977893,,-23421.0,97739273.0
BRA,1972,,4.735,,4268.38384697753,,-23584.0,100146797.0
BRA,1973,,4.638,,4748.26246385619,,-24071.0,102600976.0
BRA,1974,,4.502,,5013.81724730208,,-24093.0,105089675.0
BRA,1975,,4.415,,5148.9106187339,,-25499.0,107619565.0
BRA,1976,,4.339,,5543.43637942576,,-20612.0,110213349.0
BRA,1977,,4.267,,5679.78590996985,,-19478.0,112875292.0
BRA,1978,,4.195,,5821.49131249962,,-23416.0,115600942.0
BRA,1979,,4.12,,6069.05474310333,,-32503.0,118380821.0
BRA,1980,,4.037,,6472.85214591952,,-38918.0,121207461.0
BRA,1981,,3.943,,6055.09781428103,57.9,-65971.0,124063109.0
BRA,1982,,3.838,,5967.77899586532,58.4,-90766.0,126923155.0
BRA,1983,,3.723,,5664.96368501244,58.9,-76322.0,129790077.0
BRA,1984,,3.6,,5841.74986464143,58.3,-70035.0,132658864.0
BRA,1985,,3.48,,6167.51343658643,55.5,-60879.0,135515595.0
BRA,1986,,3.361,,6494.28087914562,58.4,-90973.0,138336370.0
BRA,1987,,3.232,,6591.60882870649,59.6,-77800.0,141104944.0
BRA,1988,,3.112,,6463.00545238554,61.4,-72825.0,143826357.0
BRA,1989,,3.007,,6545.42575572846,63.2,-60023.0,146502972.0
BRA,1990,,2.896,44.417,6149.86788926381,60.5,-30555.0,149143223.0
BRA,1991,60.258,2.805,44.487,6107.64883675747,,-66600.0,151724256.0
BRA,1992,60.377,2.71,45.604,5973.98285622586,53.1,14394.0,154275079.0
BRA,1993,61.293,2.66,46.718,6167.46092178931,60.1,-69070.0,156794577.0
BRA,1994,61.147,2.603,47.821,6427.16901943704,,-68961.0,159265006.0
BRA,1995,61.006,2.567,48.916,6596.33572674819,59.5,-69963.0,161735073.0
BRA,1996,58.811,2.511,47.676,6640.7270065575,59.8,-71943.0,164202549.0
BRA,1997,58.954,2.468,48.677,6764.85842091319,59.8,-72392.0,166661659.0
BRA,1998,58.332,2.418,49.48,6687.49523550242,59.6,21666.0,169159655.0
BRA,1999,58.297,2.335,50.801,6621.63676249539,59.0,-23497.0,171641543.0
BRA,2000,58.641,2.247,51.851,6817.784240857,,-45800.0,174018282.0
BRA,2001,59.002,2.162,52.957,6823.03396999891,58.4,-51600.0,176301203.0
BRA,2002,59.849,2.081,54.57,6944.62337495755,58.1,-42008.0,178503484.0
BRA,2003,59.427,2.006,54.776,6941.4404574508,57.6,-55350.0,180622688.0
BRA,2004,60.579,1.973,55.643,7258.78185165912,56.5,-76661.0,182675143.0
BRA,2005,60.87,1.942,56.859,7409.56913232718,56.3,-88868.0,184688101.0
BRA,2006,61.143,1.896,56.546,7622.04007133264,55.6,-90634.0,186653106.0
BRA,2007,61.05,1.854,56.286,8003.25413096047,54.9,-107481.0,188552320.0
BRA,2008,61.619,1.815,56.039,8330.76459841304,54.0,-141056.0,190367302.0
BRA,2009,61.052,1.799,56.566,8246.09706995094,53.7,-220207.0,192079951.0
BRA,2010,60.574,1.786,55.049,8792.63436120342,,-261539.0,193701929.0
BRA,2011,59.955,1.777,53.517,9067.99316348047,52.9,-235860.0,195284734.0
BRA,2012,59.739,1.766,52.873,9167.49923929815,53.4,-179707.0,196876111.0
BRA,2013,59.766,1.761,52.826,9366.73932434359,52.7,-157228.0,198478299.0
BRA,2014,59.714,1.775,52.714,9338.34278278114,52.0,-145732.0,200085127.0
BRA,2015,58.787,1.777,53.323,8936.19661712113,51.9,-173611.0,201675532.0
BRA,2016,56.845,1.727,53.522,8577.84376650911,53.4,-92989.0,203218114.0
BRA,2017,56.271,1.74,54.353,8628.25308908043,53.3,-156296.0,204703445.0
BRA,2018,56.549,1.744,54.581,8722.33630317935,53.9,-230334.0,206107261.0
BRA,2019,57.142,1.705,55.306,8771.44051292177,53.5,-129216.0,207455459.0
BRA,2020,52.195,1.653,50.338,8435.01143254978,48.9,-78437.0,208660842.0
BRA,2021,54.238,1.638,52.482,8799.22945810901,52.9,-208581.0,209550294.0
BRA,2022,57.663,1.629,53.864,9032.08481566299,52.0,-253639.0,210306415.0
BRA,2023,57.915,1.619,53.205,9288.02701470069,51.6,-240059.0,211140729.0
BRA,2024,57.917,,53.03,9564.57607719223,,-225510.0,211998573.0
CAN,1960,,3.811,,15432.4717490557,,49694.0,17909356.0
CAN,1961,,3.753,,15605.523188594,,34721.0,18271000.0
CAN,1962,,3.681,,16455.7535452389,,35373.0,18614000.0
CAN,1963,,3.607,,17007.690713787,,51831.0,18964000.0
CAN,1964,,3.456,,17800.8641385665,,68003.0,19325000.0
CAN,1965,,3.115,,18585.88144194,,112401.0,19678000.0
CAN,1966,,2.749,,19476.027074606,,144641.0,20048000.0
CAN,1967,,2.528,,19715.0936501258,,132856.0,20412000.0
CAN,1968,,2.386,,20371.1440869411,,108864.0,20744000.0
CAN,1969,,2.334,,21114.2870593259,,93600.0,21028000.0
CAN,1970,,2.258,,21428.9091307708,,304627.0,21324000.0
CAN,1971,,2.141,,21642.5407846389,37.2,210244.0,21962032.0
CAN,1972,,1.98,,22573.5662893211,,89880.0,22218463.0
CAN,1973,,1.89,,23799.695529436,34.9,125401.0,22491777.0
CAN,1974,,1.837,,24257.8168034862,,155596.0,22807969.0
CAN,1975,,1.824,,24275.8127510644,34.1,139797.0,23143275.0
CAN,1976,,1.796,,25369.4634351839,,106894.0,23449808.0
CAN,1977,,1.782,,25960.6392016614,33.7,70339.0,23725843.0
CAN,1978,,1.768,,26663.7706981097,,52781.0,23963203.0
CAN,1979,,1.754,,27384.6779329775,33.5,86719.0,24201544.0
CAN,1980,,1.74,,27622.3734030629,,122743.0,24515667.0
CAN,1981,,1.7,,28215.530855259,33.0,113461.0,24819915.0
CAN,1982,,1.69,,26999.079084851,32.9,89544.0,25116942.0
CAN,1983,,1.68,,27418.4916111044,,66172.0,25366451.0
CAN,1984,,1.65,,28762.9722015849,33.5,55982.0,25607053.0
CAN,1985,,1.67,,29851.6432940057,33.2,69776.0,25842116.0
CAN,1986,,1.675,,30183.4087940958,31.7,121928.0,26100278.0
CAN,1987,,1.68,,31001.1298465676,31.7,171308.0,26446601.0
CAN,1988,,1.68,,31951.5504658265,31.2,238003.0,26791747.0
CAN,1989,,1.77,,32116.9233234971,31.0,258094.0,27276781.0
CAN,1990,,1.83,57.884,31700.5462613508,31.4,181461.0,27691138.0
CAN,1991,59.395,1.72,57.826,30654.3331550624,31.9,134463.0,28037420.0
CAN,1992,57.989,1.71,57.202,30563.3788132238,31.6,138121.0,28371264.0
CAN,1993,57.548,1.69,57.009,31032.7546058282,31.7,133426.0,28684764.0
CAN,1994,58.02,1.69,56.856,32074.1562636226,31.3,134863.0,29000663.0
CAN,1995,58.293,1.67,56.808,32595.4515150443,31.5,141818.0,29302311.0
CAN,1996,58.046,1.63,56.769,32801.3018574024,32.8,154553.0,29610218.0
CAN,1997,58.558,1.57,57.086,33867.0079071879,33.1,144678.0,29905948.0
CAN,1998,59.317,1.56,57.674,34894.6134264056,33.2,142346.0,30155173.0
CAN,1999,60.138,1.55,58.201,36391.535343959,33.1,158342.0,30401286.0
CAN,2000,60.832,1.51,58.669,37906.8601321366,33.4,201727.0,30685730.0
CAN,2001,60.69,1.54,58.978,38200.456120621,33.6,222100.0,31020855.0
CAN,2002,61.298,1.52,60.159,38921.6673033743,33.6,208060.0,31359199.0
CAN,2003,62.028,1.55,61.174,39270.0234577749,33.8,185643.0,31642461.0
CAN,2004,62.239,1.56,61.293,40108.7587456658,33.8,194611.0,31938807.0
CAN,2005,62.221,1.58,60.992,41006.2229523971,33.6,204526.0,32242732.0
CAN,2006,62.495,1.63,61.268,41663.5123057295,34.1,202175.0,32571193.0
CAN,2007,62.978,1.67,61.769,42106.8724378248,33.8,213801.0,32888886.0
CAN,2008,63.041,1.7,61.9,42067.5687072607,33.9,238083.0,33247298.0
CAN,2009,61.288,1.69,61.889,40376.4153847836,34.0,244463.0,33630069.0
CAN,2010,61.275,1.65,61.867,41164.3399119626,33.6,225369.0,34005902.0
CAN,2011,61.508,1.63,61.643,42043.6419795513,32.7,227075.0,34339221.0
CAN,2012,61.638,1.63,61.73,42320.6431330726,33.5,243748.0,34713395.0
CAN,2013,61.788,1.61,61.816,42851.170527104,33.8,239813.0,35080992.0
CAN,2014,61.385,1.61,61.204,43643.2356440047,33.2,192884.0,35434066.0
CAN,2015,61.311,1.6,60.969,43594.1941045394,33.7,224332.0,35704498.0
CAN,2016,61.018,1.59,60.879,43551.3425975115,32.7,329455.0,36110803.0
CAN,2017,61.564,1.55,61.072,44339.3886689254,33.3,372685.0,36545075.0
CAN,2018,61.721,1.51,60.965,44907.3436912123,32.5,420224.0,37072620.0
CAN,2019,62.065,1.47,61.253,45100.2915069262,31.7,387685.0,37618495.0
CAN,2020,57.907,1.41,59.379,42366.1285377884,29.9,256592.0,38028638.0
CAN,2021,60.288,1.44,60.635,44639.193269037,31.1,198867.0,38239864.0
CAN,2022,61.802,1.33,61.049,45677.686578804,,459988.0,38935934.0
CAN,2023,61.822,1.26,61.134,45048.2842408265,,433842.0,40083484.0
CAN,2024,61.036,,61.033,44401.7153908386,,368599.0,41288599.0
CHN,1960,,4.451,,241.38865640518,,-16927.0,667070000.0
CHN,1961,,3.863,,177.353933927811,,-25578.0,660330000.0
CHN,1962,,6.085,,166.089290187301,,-31305.0,665770000.0
CHN,1963,,7.513,,178.749038517739,,-31383.0,682335000.0
CHN,1964,,6.672,,206.39971909742,,-1250441.0,698355000.0
CHN,1965,,6.605,,235.704122134957,,-130900.0,715185000.0
CHN,1966,,6.307,,253.637443822626,,4165.0,735400000.0
CHN,1967,,5.806,,232.936829969655,,1246654.0,754550000.0
CHN,1968,,6.508,,217.629498896299,,-37290.0,774510000.0
CHN,1969,,6.175,,247.617408237114,,-72836.0,796025000.0
CHN,1970,,6.085,,287.360990977917,,-126510.0,818315000.0
CHN,1971,,5.523,,299.312840926518,,-180153.0,841105000.0
CHN,1972,,5.112,,303.174293759294,,-215650.0,862030000.0
CHN,1973,,4.726,,319.325276730838,,-214997.0,881940000.0
CHN,1974,,4.17,,320.021423931396,,-175239.0,900350000.0
CHN,1975,,3.571,,341.835493900954,,-115173.0,916395000.0
CHN,1976,,3.235,,331.302441675199,,-55109.0,930685000.0
CHN,1977,,2.844,,351.558278512051,,-15323.0,943455000.0
CHN,1978,,2.716,,386.173258026462,,-9916.0,956165000.0
CHN,1979,,2.745,,409.983402451709,,-13704.0,969005000.0
CHN,1980,,2.739,,436.591787138212,,-20129.0,981235000.0
CHN,1981,,2.792,,453.072706510383,28.2,-28016.0,993885000.0
CHN,1982,,2.972,,486.894420983869,,-36181.0,1008630000.0
CHN,1983,,2.559,,531.391311022454,,-43756.0,1023310000.0
CHN,1984,,2.607,,604.354027423819,27.1,-51961.0,1036825000.0
CHN,1985,,2.633,,676.279975098168,,-60929.0,1051040000.0
CHN,1986,,2.721,,725.829362656239,,-79190.0,1066790000.0
CHN,1987,,2.76,,797.34114295479,29.4,-169170.0,1084035000.0
CHN,1988,,2.539,,872.659353617186,,-282194.0,1101630000.0
CHN,1989,,2.52,,895.53052635227,,-313476.0,1118650000.0
CHN,1990,,2.514,73.09,917.270661782581,32.2,-11187.0,1135185000.0
CHN,1991,76.84,1.934,72.595,989.548540519036,,-544650.0,1150780000.0
CHN,1992,76.38,1.776,72.095,1117.27329480169,,-142985.0,1164970000.0
CHN,1993,75.663,1.691,71.589,1258.34946089635,33.9,-373316.0,1178440000.0
CHN,1994,75.027,1.628,71.079,1406.85845705008,,-723641.0,1191835000.0
CHN,1995,74.47,1.588,70.564,1545.19429404212,,-365986.0,1204855000.0
CHN,1996,73.891,1.554,70.043,1681.62743528935,35.2,-250750.0,1217550000.0
CHN,1997,73.315,1.527,69.518,1819.09789302268,,-279251.0,1230075000.0
CHN,1998,72.807,1.522,68.988,1944.43719705771,,-40472.0,1241935000.0
CHN,1999,72.293,1.53,68.453,2076.81812919622,38.7,-96102.0,1252735000.0
CHN,2000,71.771,1.628,67.913,2237.44298500334,,-62622.0,1262645000.0
CHN,2001,71.07,1.563,67.502,2405.89396743215,,-176419.0,1271850000.0
CHN,2002,70.444,1.566,67.088,2610.72960252379,42.0,-761291.0,1280400000.0
CHN,2003,69.891,1.57,66.67,2857.0373538115,,-613223.0,1288400000.0
CHN,2004,69.652,1.605,66.25,3127.86276523632,,-770977.0,1296075000.0
CHN,2005,69.323,1.624,65.826,3465.81734409951,40.9,-103701.0,1303720000.0
CHN,2006,69.078,1.644,65.4,3883.35412942474,,-759559.0,1311020000.0
CHN,2007,68.824,1.666,64.972,4409.75700836878,,-1042019.0,1317885000.0
CHN,2008,68.337,1.701,64.541,4811.47471804961,43.0,-764370.0,1324655000.0
CHN,2009,67.929,1.714,64.108,5237.76666540352,,-177135.0,1331260000.0
CHN,2010,67.746,1.687,63.672,5764.86534987407,43.7,-184144.0,1337705000.0
CHN,2011,67.636,1.668,63.654,6275.90956436258,42.4,-416189.0,1345035000.0
CHN,2012,67.185,1.798,63.318,6723.19443752823,42.2,-58864.0,1354190000.0
CHN,2013,66.751,1.714,63.001,7198.06876478162,39.7,-188951.0,1363240000.0
CHN,2014,66.425,1.769,62.797,7686.57792954381,39.2,-371108.0,1371860000.0
CHN,2015,66.078,1.67,62.571,8175.33285077393,38.6,-646941.0,1379860000.0
CHN,2016,65.739,1.772,62.286,8679.37704460133,38.5,-153056.0,1387790000.0
CHN,2017,65.295,1.795,61.911,9221.51403820573,39.1,-94625.0,1396215000.0
CHN,2018,64.887,1.539,61.533,9798.6528523316,38.5,-198206.0,1402760000.0
CHN,2019,64.307,1.496,61.248,10356.4804194995,38.2,-656091.0,1407745000.0
CHN,2020,62.678,1.236,59.908,10573.6420059282,37.1,-91577.0,1411100000.0
CHN,2021,64.056,1.117,61.181,11469.5707134928,35.7,-379749.0,1412360000.0
CHN,2022,62.523,1.034,59.894,11830.5983703496,36.0,-293846.0,1412175000.0
CHN,2023,62.756,0.999,59.948,12484.1578844175,,-567724.0,1410710000.0
CHN,2024,62.404,,59.562,13121.6769905565,,-318992.0,1408975000.0
DEU,1960,,2.37,,12600.3273992412,,212666.0,72814900.0
DEU,1961,,2.45,,13041.1594720849,,27534.0,73377632.0
DEU,1962,,2.44,,13524.6491075732,,276505.0,74025784.0
DEU,1963,,2.51,,13766.5355388815,,205976.0,74714353.0
DEU,1964,,2.54,,14562.8358894503,,69825.0,75318337.0
DEU,1965,,2.5,,15196.3266164578,,338258.0,75963695.0
DEU,1966,,2.53,,15493.8283796101,,134107.0,76600311.0
DEU,1967,,2.48,,15372.215013494,,-174155.0,76951336.0
DEU,1968,,2.38,,16171.5531455437,,293307.0,77294314.0
DEU,1969,,2.21,,17233.9697062465,,584017.0,77909682.0
DEU,1970,,2.03,,18053.2877696478,,-273498.0,78169289.0
DEU,1971,,1.92,,18584.7134179179,,450328.0,78312842.0
DEU,1972,,1.71,,19291.3926821626,,336015.0,78688452.0
DEU,1973,,1.54,,20149.4771457641,,386881.0,78936666.0
DEU,1974,,1.51,,20320.900896451,,-15126.0,78967433.0
DEU,1975,,1.45,,20220.0209844016,,-207740.0,78673554.0
DEU,1976,,1.45,,21311.9450152475,,-79761.0,78336950.0
DEU,1977,,1.4,,22075.2189133832,,33881.0,78159814.0
DEU,1978,,1.38,,22759.1492956686,,117167.0,78091820.0
DEU,1979,,1.38,,23693.2601863037,,237705.0,78126350.0
DEU,1980,,1.44,,23977.2698576818,,324203.0,78288576.0
DEU,1981,,1.43,,24067.4825489522,,130713.0,78407907.0
DEU,1982,,1.41,,23995.2661838189,,-58121.0,78333366.0
DEU,1983,,1.33,,24436.5473264161,,-81349.0,78128282.0
DEU,1984,,1.29,,25213.38204825,,-150771.0,77858685.0
DEU,1985,,1.37,,25858.0588621429,,103556.0,77684873.0
DEU,1986,,1.43,,26437.4177349407,,212822.0,77720436.0
DEU,1987,,1.43,,26766.9600591944,,174272.0,77839920.0
DEU,1988,,1.46,,27651.0362699101,,515962.0,78144619.0
DEU,1989,,1.42,,28507.1621309974,,761002.0,78751283.0
DEU,1990,,1.45,45.168,29747.6909354385,,679702.0,79433029.0
DEU,1991,56.43,1.33,47.909,31040.2935634693,29.5,602638.0,80013896.0
DEU,1992,55.34,1.29,47.817,31425.6476019368,29.1,811606.0,80624598.0
DEU,1993,54.055,1.28,47.472,30915.8728850114,28.6,462096.0,81156363.0
DEU,1994,53.562,1.24,47.98,31609.1102824496,29.2,315585.0,81438348.0
DEU,1995,53.501,1.25,47.835,31990.7949834569,28.8,398077.0,81678051.0
DEU,1996,52.893,1.3,47.854,32229.4778712612,28.0,281280.0,81914831.0
DEU,1997,52.49,1.35,48.357,32779.2802466297,28.2,93281.0,82034771.0
DEU,1998,52.48,1.36,48.537,33461.3192177074,28.3,-754469.0,82047195.0
DEU,1999,53.171,1.36,49.055,34152.0032259735,29.0,219280.0,82100243.0
DEU,2000,53.398,1.38,49.001,35087.0891588694,28.9,174594.0,82211508.0
DEU,2001,53.398,1.35,49.347,35601.3628316391,29.9,272875.0,82349925.0
DEU,2002,52.888,1.34,49.58,35460.4121391449,29.8,218795.0,82488495.0
DEU,2003,52.19,1.34,49.985,35252.9745130135,29.8,142009.0,82534176.0
DEU,2004,51.294,1.36,49.742,35670.4870225493,30.2,81735.0,82516260.0
DEU,2005,51.803,1.34,50.694,36006.8578127742,31.7,81351.0,82469422.0
DEU,2006,52.934,1.33,51.758,37437.3918784909,31.0,-489056.0,82376451.0
DEU,2007,53.907,1.37,52.21,38570.9146369495,31.2,-24772.0,82266372.0
DEU,2008,54.651,1.38,51.998,38996.1434106777,30.8,-23341.0,82110097.0
DEU,2009,54.545,1.36,52.624,36927.1920288238,30.5,46533.0,81902307.0
DEU,2010,55.134,1.39,52.528,38517.4397880176,30.2,130116.0,81776930.0
DEU,2011,56.282,1.39,53.71,40712.6577301892,30.6,295282.0,80274983.0
DEU,2012,56.737,1.41,53.68,40829.0348938423,31.1,199143.0,80425823.0
DEU,2013,57.074,1.42,54.194,40875.0262868442,31.5,462384.0,80645605.0
DEU,2014,57.371,1.47,54.468,41588.0763814971,30.8,592338.0,80982500.0
DEU,2015,57.442,1.5,54.441,41911.0109851054,31.7,1175283.0,81686611.0
DEU,2016,57.932,1.6,54.808,42528.0637054999,31.4,517480.0,82348669.0
DEU,2017,58.366,1.57,55.138,43520.1864273682,31.3,452988.0,82657002.0
DEU,2018,58.8,1.57,55.211,43874.0130996238,31.9,403908.0,82905782.0
DEU,2019,59.368,1.54,55.709,44207.6320584483,31.8,319082.0,83092962.0
DEU,2020,58.131,1.53,55.113,42362.6472083477,32.4,203468.0,83160871.0
DEU,2021,58.224,1.58,55.019,43898.7713207389,,310264.0,83196078.0
DEU,2022,59.028,1.455,55.595,44180.4298386858,,981552.0,83797985.0
DEU,2023,59.241,1.39,55.848,44008.131158562,,609553.0,83901923.0
DEU,2024,58.81,,55.637,44108.7012570242,,36954.0,83510950.0
IND,1960,,5.921,,312.777847830375,,146955.0,435990338.0
IND,1961,,5.937,,316.739644666886,,295177.0,446564729.0
IND,1962,,5.953,,318.381945824671,,-70514.0,457283090.0
IND,1963,,5.969,,329.641494853773,,21640.0,468138575.0
IND,1964,,5.979,,346.011883334459,,-141916.0,479229598.0
IND,1965,,5.941,,329.392574458486,,-248299.0,490140146.0
IND,1966,,5.881,,322.241317768205,,-566982.0,500740247.0
IND,1967,,5.825,,340.080025744959,,-70314.0,511606372.0
IND,1968,,5.76,,344.128288078914,,-995416.0,522716889.0
IND,1969,,5.684,,358.966799420621,,-851844.0,533880544.0
IND,1970,,5.624,,369.192480654411,,233782.0,545864268.0
IND,1971,,5.565,,367.03330975615,,-974574.0,558096387.0
IND,1972,,5.482,,357.07792916052,,-82816.0,570482142.0
IND,1973,,5.402,,360.637844062503,,-404743.0,583465598.0
IND,1974,,5.325,,356.615069643548,,347869.0,597041391.0
IND,1975,,5.195,,380.159941374693,,434205.0,611309535.0
IND,1976,,5.13,,377.496025412265,,275984.0,625861883.0
IND,1977,,5.007,,395.443306821969,29.7,590626.0,640801103.0
IND,1978,,4.888,,408.516944405283,,-210444.0,655728229.0
IND,1979,,4.808,,378.219592785732,,774094.0,671155747.0
IND,1980,,4.775,,394.182239918298,,210914.0,687354025.0
IND,1981,,4.698,,408.153549798956,,33243.0,703696250.0
IND,1982,,4.62,,412.596737107488,,-10687.0,720313473.0
IND,1983,,4.565,,432.429235395483,27.2,119694.0,737372681.0
IND,1984,,4.516,,438.541705524351,,-32313.0,754875449.0
IND,1985,,4.432,,450.966703866791,,-89991.0,772647793.0
IND,1986,,4.399,,461.725611478711,,-249545.0,790689978.0
IND,1987,,4.311,,469.209956302852,27.5,-219150.0,808931270.0
IND,1988,,4.222,,502.937342176693,,-155676.0,827342990.0
IND,1989,,4.132,,521.073383845828,,-2907.0,846039529.0
IND,1990,,4.045,30.225,537.870269533789,,125514.0,864972221.0
IND,1991,53.475,3.959,30.336,531.898397841583,,-157911.0,883927600.0
IND,1992,53.502,3.877,30.459,549.235069966802,,35155.0,902957070.0
IND,1993,53.525,3.799,30.587,563.372872328964,26.1,2364.0,922118387.0
IND,1994,53.624,3.723,30.735,588.727892188017,,-375253.0,941163767.0
IND,1995,53.952,3.651,31.331,620.699954330379,,-57297.0,960301044.0
IND,1996,54.29,3.582,31.934,654.355928429641,,-26388.0,979678458.0
IND,1997,54.571,3.514,32.542,667.598423095039,,880.0,999133762.0
IND,1998,54.866,3.446,33.157,695.293709344799,,-1049.0,1018665080.0
IND,1999,55.192,3.383,33.775,742.53920839445,,-95320.0,1038225823.0
IND,2000,55.499,3.35,34.397,756.704109527449,,-143960.0,1057922733.0
IND,2001,55.337,3.303,34.483,778.507377528365,,-70346.0,1077898575.0
IND,2002,55.132,3.217,34.57,793.615912906381,,-732419.0,1097600380.0
IND,2003,55.028,3.122,34.66,841.278894571674,,-606970.0,1116803006.0
IND,2004,54.913,3.046,34.753,892.596614581612,27.7,-206660.0,1135991513.0
IND,2005,54.811,2.958,34.852,947.732565646672,,-929454.0,1154676322.0
IND,2006,53.939,2.867,33.499,1008.23275343783,,-342177.0,1172878890.0
IND,2007,53.077,2.775,32.179,1069.24696813025,,-1037200.0,1190676021.0
IND,2008,52.185,2.711,30.892,1086.50605251513,,-1020047.0,1207930964.0
IND,2009,51.364,2.674,29.641,1155.10163274172,27.8,-312905.0,1225524753.0
IND,2010,50.575,2.598,28.425,1235.15939133951,,-50905.0,1243481564.0
IND,2011,50.008,2.532,27.583,1281.61054354933,28.8,-247017.0,1261224954.0
IND,2012,49.407,2.47,26.764,1333.09626557668,,-198935.0,1278674502.0
IND,2013,49.257,2.399,26.675,1399.4537980287,,-151372.0,1295829511.0
IND,2014,49.134,2.293,26.619,1484.31640682913,,-227263.0,1312277191.0
IND,2015,48.996,2.289,26.597,1583.99815907985,,-655085.0,1328024498.0
IND,2016,48.846,2.284,26.59,1694.46534973825,,81248.0,1343944296.0
IND,2017,48.668,2.193,26.592,1788.69770318446,,-251642.0,1359657400.0
IND,2018,48.471,2.184,26.581,1883.35772705062,,-589794.0,1374659064.0
IND,2019,48.881,2.12,26.549,1936.03067741067,,-978969.0,1389030312.0
IND,2020,47.496,2.047,25.998,1806.50110583878,,-73806.0,1402617695.0
IND,2021,49.171,2.014,27.724,1965.30943437506,,-348916.0,1414203896.0
IND,2022,50.981,1.994,29.479,2098.2112447615,25.5,-1353478.0,1425423212.0
IND,2023,52.369,1.975,31.243,2270.9051808027,,-979179.0,1438069596.0
IND,2024,53.23,,32.803,2396.71271858102,,-630830.0,1450935791.0
JPN,1960,,2.0,,6388.87810066035,,-150371.0,93216000.0
JPN,1961,,1.96,,7094.47046455559,,-58882.0,94055000.0
JPN,1962,,1.98,,7655.05526032496,,-57075.0,94933000.0
JPN,1963,,2.0,,8219.98739661789,,-100742.0,95900000.0
JPN,1964,,2.05,,9084.79518055673,,-100696.0,96903000.0
JPN,1965,,2.14,,9510.54956579433,,-50667.0,97952000.0
JPN,1966,,1.58,,10426.6399028169,,68934.0,98851000.0
JPN,1967,,2.23,,11462.9263865777,,29632.0,99879000.0
JPN,1968,,2.13,,12794.6236237979,,43593.0,101011000.0
JPN,1969,,2.13,,14221.0523672628,,49447.0,102219000.0
JPN,1970,,2.13,,14114.3158179311,,33731.0,103403000.0
JPN,1971,,2.16,,14456.8211953298,,-107778.0,105697000.0
JPN,1972,,2.14,,15455.1369428917,,-73980.0,107188000.0
JPN,1973,,2.14,,16463.2791725063,,-34674.0,108707000.0
JPN,1974,,2.05,,16046.7846823735,,-10145.0,110162000.0
JPN,1975,,1.91,,16333.6748183565,,107.0,111573000.0
JPN,1976,,1.85,,16801.9250305932,,-34976.0,112775000.0
JPN,1977,,1.8,,17370.6165468128,,-49082.0,113872000.0
JPN,1978,,1.79,,18120.7284269863,,-47996.0,114913000.0
JPN,1979,,1.77,,18953.3339136853,,-57692.0,115890000.0
JPN,1980,,1.75,,19334.3747441799,,-92314.0,116807000.0
JPN,1981,,1.74,,20011.8292508515,,-278525.0,117661000.0
JPN,1982,,1.77,,20525.2958514217,,-288550.0,118480000.0
JPN,1983,,1.8,,21122.9648423607,,-269755.0,119307000.0
JPN,1984,,1.81,,21912.1518618966,,-273686.0,120083000.0
JPN,1985,,1.76,,22898.9942415029,,-141323.0,120837000.0
JPN,1986,,1.72,,23527.7125188746,,27987.0,121482000.0
JPN,1987,,1.69,,24503.0845657844,,28001.0,122069000.0
JPN,1988,,1.66,,26026.8648821365,,51154.0,122578000.0
JPN,1989,,1.57,,27199.9399695936,,31202.0,123069000.0
JPN,1990,,1.54,50.062,28422.2131194472,,124582.0,123478000.0
JPN,1991,62.48,1.53,50.627,29308.2740881269,,161331.0,123964000.0
JPN,1992,62.608,1.5,50.667,29462.6539671073,,170878.0,124425000.0
JPN,1993,62.189,1.46,50.265,29232.4397928009,,168836.0,124829000.0
JPN,1994,61.771,1.5,50.111,29466.7552451648,,154214.0,125178000.0
JPN,1995,61.421,1.42,49.914,30171.1637924153,,87714.0,125472000.0
JPN,1996,61.34,1.43,49.968,31046.1701544217,,25030.0,125757000.0
JPN,1997,61.526,1.39,50.318,31276.1930771989,,43366.0,126057000.0
JPN,1998,60.746,1.38,50.064,30795.0888900919,,45912.0,126400000.0
JPN,1999,59.908,1.34,49.522,30636.2661169604,,56901.0,126631000.0
JPN,2000,59.478,1.36,49.19,31430.631130325,,23468.0,126843000.0
JPN,2001,58.881,1.33,49.051,31476.0520665746,,59563.0,127149000.0
JPN,2002,57.936,1.32,48.457,31416.1241772309,,60864.0,127445000.0
JPN,2003,57.575,1.29,48.157,31830.217584972,,74875.0,127718000.0
JPN,2004,57.56,1.29,48.163,32515.1158024695,,69014.0,127761000.0
JPN,2005,57.732,1.26,48.285,33098.5474664881,,113017.0,127773000.0
JPN,2006,57.89,1.32,48.401,33531.518563066,,130065.0,127854000.0
JPN,2007,58.047,1.34,48.389,33990.0360341367,,138024.0,128001000.0
JPN,2008,57.748,1.37,48.36,33557.6454041595,34.6,142605.0,128063000.0
JPN,2009,56.83,1.37,48.438,31651.0837739562,33.0,125450.0,128047000.0
JPN,2010,56.539,1.39,48.34,32942.2020783835,31.5,131860.0,128070000.0
JPN,2011,56.553,1.39,48.089,33011.1342301291,33.0,97720.0,127833000.0
JPN,2012,56.44,1.41,48.028,33518.4449368599,32.5,67904.0,127629000.0
JPN,2013,56.853,1.43,48.739,34239.8862473488,31.5,66449.0,127445000.0
JPN,2014,57.31,1.42,49.176,34386.9058552671,31.3,58109.0,127276000.0
JPN,2015,57.485,1.45,49.409,34960.6393843385,30.7,168896.0,127141000.0
JPN,2016,58.107,1.44,50.208,35242.199377148,31.8,314732.0,127076000.0
JPN,2017,58.738,1.43,51.031,35861.9728545672,31.8,322564.0,126972000.0
JPN,2018,59.93,1.42,52.368,36138.5290824814,32.9,320601.0,126811000.0
JPN,2019,60.55,1.36,53.24,36043.7844013518,33.0,318190.0,126633000.0
JPN,2020,60.207,1.33,53.09,34642.9718743239,32.3,42001.0,126261000.0
JPN,2021,60.367,1.3,53.515,35741.1601062924,,-34996.0,125681593.0
JPN,2022,60.875,1.26,54.167,36238.3294895302,,175003.0,125124989.0
JPN,2023,61.265,1.2,54.847,36952.5150709861,,175003.0,124516650.0
JPN,2024,61.572,,55.298,37144.9142660116,,153357.0,123975371.0
KOR,1960,,5.994,,1027.65478060417,,47245.0,25012374.0
KOR,1961,,5.803,,1066.80385223795,,-93179.0,25765673.0
KOR,1962,,5.562,,1077.11603032602,,-94606.0,26513030.0
KOR,1963,,5.334,,1142.0276294736,,-80226.0,27261747.0
KOR,1964,,5.068,,1217.94699410879,,-102284.0,27984155.0
KOR,1965,,4.887,,1274.2724441705,,-146386.0,28704674.0
KOR,1966,,4.782,,1391.67246263597,,-16688.0,29435571.0
KOR,1967,,4.615,,1482.99525342715,,-16484.0,30130983.0
KOR,1968,,4.51,,1639.75015442225,,-16868.0,30838302.0
KOR,1969,,4.447,,1836.47870739596,,-21175.0,31544266.0
KOR,1970,,4.53,,1977.42941286358,,-27999.0,32240827.0
KOR,1971,,4.54,,2143.28913020771,,-6326.0,32882704.0
KOR,1972,,4.12,,2255.20673616978,,25382.0,33505406.0
KOR,1973,,4.07,,2545.77754274699,,35779.0,34103149.0
KOR,1974,,3.77,,2740.58529939811,,27005.0,34692266.0
KOR,1975,,3.43,,2906.15049933566,,-52332.0,35280725.0
KOR,1976,,3.0,,3238.2698721178,,-92314.0,35848523.0
KOR,1977,,2.99,,3581.46823922047,,-90737.0,36411795.0
KOR,1978,,2.64,,3913.83317387391,,-85721.0,36969185.0
KOR,1979,,2.9,,4189.18148771045,,-139566.0,37534236.0
KOR,1980,,2.82,,4056.5260070304,,-148341.0,38123775.0
KOR,1981,,2.57,,4283.11960147149,,18442.0,38723248.0
KOR,1982,,2.39,,4569.08717491563,,48638.0,39326352.0
KOR,1983,,2.06,,5104.44809742942,,102167.0,39910403.0
KOR,1984,,1.74,,5573.84271916316,,101394.0,40405956.0
KOR,1985,,1.66,,5951.87908924407,,97949.0,40805744.0
KOR,1986,,1.58,,6560.47967201762,,189782.0,41213674.0
KOR,1987,,1.53,,7322.71986885993,,198057.0,41621690.0
KOR,1988,,1.55,,8120.63968724428,,192534.0,42031247.0
KOR,1989,,1.56,,8609.42611390093,,186120.0,42449038.0
KOR,1990,,1.57,47.207,9367.09258686755,,79294.0,42869283.0
KOR,1991,58.66,1.71,47.219,10274.4827454694,,-270754.0,43295704.0
KOR,1992,58.876,1.76,47.199,10798.561680692,,-265849.0,43747962.0
KOR,1993,58.673,1.654,47.16,11424.5851330612,,-222802.0,44194628.0
KOR,1994,59.617,1.656,47.906,12358.5180229628,,-208309.0,44641540.0
KOR,1995,60.192,1.634,48.449,13411.1119170158,,-208491.0,45092991.0
KOR,1996,60.406,1.574,48.948,14332.1367231987,,-115705.0,45524681.0
KOR,1997,60.404,1.537,49.826,15074.4883429924,,-109130.0,45953580.0
KOR,1998,56.021,1.464,47.124,14198.386270755,,-98044.0,46286503.0
KOR,1999,56.362,1.425,47.675,15714.4119484746,,-107448.0,46616677.0
KOR,2000,58.285,1.48,49.35,16995.5591864626,,-84960.0,47008111.0
KOR,2001,58.849,1.309,50.001,17684.0503773277,,-28006.0,47370164.0
KOR,2002,59.74,1.178,50.369,18940.3842233935,,-18105.0,47644736.0
KOR,2003,59.067,1.191,49.477,19435.4934104303,,-31994.0,47892330.0
KOR,2004,59.702,1.164,50.637,20364.7599656771,,-42549.0,48082519.0
KOR,2005,59.414,1.085,50.664,21197.1990880347,,-47821.0,48184561.0
KOR,2006,59.463,1.132,50.833,22196.2077459266,31.7,-28434.0,48438292.0
KOR,2007,59.47,1.259,50.648,23365.1402064812,,-42293.0,48683638.0
KOR,2008,59.013,1.192,50.353,23887.0595538423,32.3,-19630.0,49054708.0
KOR,2009,58.199,1.149,49.575,23952.8132191069,,5308.0,49307835.0
KOR,2010,58.328,1.226,49.767,25455.6174843658,32.0,52042.0,49554112.0
KOR,2011,58.822,1.244,49.994,26191.6442615421,,269958.0,49936638.0
KOR,2012,59.214,1.297,50.29,26680.2754448705,31.6,281866.0,50199853.0
KOR,2013,59.513,1.187,50.627,27399.6159477521,,301926.0,50428893.0
KOR,2014,60.358,1.205,51.839,28100.0102759544,31.2,308037.0,50746659.0
KOR,2015,60.361,1.239,52.391,28737.4391706499,,276427.0,51014947.0
KOR,2016,60.34,1.172,52.568,29467.124342556,35.2,91568.0,51217803.0
KOR,2017,60.612,1.052,53.073,30312.8888500809,34.9,104029.0,51361911.0
KOR,2018,60.357,0.977,53.224,31059.2668087927,33.7,118220.0,51585058.0
KOR,2019,60.635,0.918,53.772,31645.9498343307,33.2,128622.0,51764822.0
KOR,2020,59.826,0.837,53.137,31378.1579340648,32.7,112631.0,51836239.0
KOR,2021,60.274,0.808,53.65,32771.0724243229,32.9,-16778.0,51769539.0
KOR,2022,61.971,0.778,55.03,33690.3788793046,,87800.0,51672569.0
KOR,2023,62.547,0.721,56.038,34121.0211756766,,87800.0,51712619.0
KOR,2024,62.529,,56.021,,,75963.0,51751065.0
NGA,1960,,6.364,,1454.98091927783,,12131.0,45053782.0
NGA,1961,,6.353,,1428.11709253028,,25515.0,45989310.0
NGA,1962,,6.356,,1455.81737398163,,27906.0,46965292.0
NGA,1963,,6.349,,1547.48395499883,,27115.0,47973575.0
NGA,1964,,6.362,,1589.68156021192,,26411.0,49012016.0
NGA,1965,,6.367,,1631.55987468263,,32988.0,50086764.0
NGA,1966,,6.386,,1528.59450365696,,12513.0,51188234.0
NGA,1967,,6.401,,1260.72712413534,,18683.0,52293065.0
NGA,1968,,6.42,,1218.43317476044,,9615.0,53432783.0
NGA,1969,,6.438,,1480.04711892566,,6912.0,54631914.0
NGA,1970,,6.466,,1808.39459103972,,7953.0,55893838.0
NGA,1971,,6.532,,2018.173214646,,-35639.0,57214684.0
NGA,1972,,6.579,,2036.69397821361,,-12962.0,58601748.0
NGA,1973,,6.633,,2093.63873175684,,-618.0,60082139.0
NGA,1974,,6.703,,2267.04408449493,,44281.0,61679144.0
NGA,1975,,6.773,,2089.85507779178,,75603.0,63410815.0
NGA,1976,,6.806,,2214.32261606968,,72889.0,65258009.0
NGA,1977,,6.862,,2278.69721767638,,129075.0,67234590.0
NGA,1978,,6.921,,2082.55279909897,,111258.0,69326532.0
NGA,1979,,6.887,,2155.789653002,,137721.0,71498242.0
NGA,1980,,6.847,,2177.41578655323,,198672.0,73764641.0
NGA,1981,,6.82,,1834.28760820914,,106723.0,76068103.0
NGA,1982,,6.799,,1659.09814351168,,101116.0,78378701.0
NGA,1983,,6.775,,1440.0174778262,,-507539.0,80438260.0
NGA,1984,,6.701,,1387.92176005588,,113758.0,82526443.0
NGA,1985,,6.616,,1428.92742820366,38.7,61514.0,84897973.0
NGA,1986,,6.557,,1391.47877234541,,29682.0,87235953.0
NGA,1987,,6.504,,1398.24883298999,,64418.0,89591716.0
NGA,1988,,6.498,,1461.19132231299,,93510.0,92020090.0
NGA,1989,,6.494,,1449.68017647113,,99588.0,94531014.0
NGA,1990,,6.459,77.938,1577.1961662774,,135959.0,97120925.0
NGA,1991,80.097,6.426,77.976,1541.59066261036,,42760.0,99720162.0
NGA,1992,80.052,6.391,77.932,1571.1902261783,44.9,138412.0,102372770.0
NGA,1993,80.044,6.354,78.019,1498.95895037787,,90200.0,105122069.0
NGA,1994,80.184,6.319,78.103,1433.3886109229,,128134.0,107935714.0
NGA,1995,80.215,6.273,78.153,1395.07488456856,,73243.0,110819428.0
NGA,1996,80.243,6.217,78.117,1416.10189471212,51.9,84448.0,113754779.0
NGA,1997,80.294,6.138,78.105,1420.23877961207,,96885.0,116754792.0
NGA,1998,80.328,6.069,78.099,1419.31770917955,,145575.0,119846254.0
NGA,1999,80.353,6.082,78.133,1390.46921139078,,97195.0,123047320.0
NGA,2000,80.292,6.124,78.082,1421.67987952013,,74535.0,126382494.0
NGA,2001,80.215,6.128,78.015,1465.45720342309,,64163.0,129862595.0
NGA,2002,79.944,6.116,77.783,1644.39518877632,,69594.0,133471989.0
NGA,2003,79.793,6.1,77.694,1717.2145111176,40.1,33857.0,137202644.0
NGA,2004,79.58,6.09,77.574,1824.80269456773,,46370.0,141057045.0
NGA,2005,79.323,6.063,77.504,1889.25175325817,,-17146.0,145017253.0
NGA,2006,79.173,6.053,77.443,1949.15856804565,,-12093.0,149077334.0
NGA,2007,78.984,6.027,77.374,2020.83316299454,,-9162.0,153267261.0
NGA,2008,78.825,6.024,77.303,2098.28339220667,,-13646.0,157595014.0
NGA,2009,78.636,5.993,77.213,2204.6072560373,,-18422.0,162049464.0
NGA,2010,78.439,5.948,77.126,2315.46676509662,35.7,47966.0,166642886.0
NGA,2011,78.315,5.893,77.082,2370.97657091803,,67808.0,171379598.0
NGA,2012,78.262,5.797,77.057,2403.65387896923,35.5,71138.0,176200625.0
NGA,2013,78.137,5.694,76.993,2495.34106573748,,40201.0,181049443.0
NGA,2014,77.829,5.622,76.934,2583.6155695814,,-19376.0,185896915.0
NGA,2015,77.636,5.503,76.931,2585.73360671797,35.9,-116162.0,190671878.0
NGA,2016,77.523,5.343,76.994,2481.81490350326,,75265.0,195443700.0
NGA,2017,77.33,5.182,77.02,2441.71236404487,,78685.0,200254579.0
NGA,2018,77.161,5.021,77.027,2431.77857832567,35.1,-76565.0,204938755.0
NGA,2019,77.06,4.861,77.029,2431.53528472982,,-99722.0,209485641.0
NGA,2020,76.805,4.7,77.097,2337.57587388074,,-14497.0,213996181.0
NGA,2021,76.993,4.636,77.076,2372.57314465346,,-86115.0,218529286.0
NGA,2022,78.284,4.552,77.06,2398.98622787065,33.9,-51680.0,223150896.0
NGA,2023,80.1,4.482,80.768,2416.36198205178,,-57936.0,227882945.0
NGA,2024,80.118,,80.713,2447.63869665864,,-35202.0,232679478.0
POL,1960,,2.98,,,,-6306.0,29637450.0
POL,1961,,2.83,,,,-20044.0,29964000.0
POL,1962,,2.72,,,,-31021.0,30308500.0
POL,1963,,2.7,,,,-13770.0,30712000.0
POL,1964,,2.57,,,,-23273.0,31139450.0
POL,1965,,2.52,,,,-21658.0,31444950.0
POL,1966,,2.34,,,,-17158.0,31681000.0
POL,1967,,2.33,,,,-25479.0,31987155.0
POL,1968,,2.24,,,,-11905.0,32294655.0
POL,1969,,2.2,,,,-26744.0,32548300.0
POL,1970,,2.2,,,,-66859.0,32664300.0
POL,1971,,2.25,,,,-31767.0,32783500.0
POL,1972,,2.24,,,,-15004.0,33055650.0
POL,1973,,2.26,,,,-29335.0,33357200.0
POL,1974,,2.26,,,,-18273.0,33678899.0
POL,1975,,2.27,,,,-31346.0,34015199.0
POL,1976,,2.3,,,,-25716.0,34356300.0
POL,1977,,2.23,,,,-33496.0,34689050.0
POL,1978,,2.21,,,,-62936.0,34965600.0
POL,1979,,2.28,,,,-22162.0,35247217.0
POL,1980,,2.28,,,,-42420.0,35574150.0
POL,1981,,2.24,,,,-16155.0,35898587.0
POL,1982,,2.34,,,,-34980.0,36230481.0
POL,1983,,2.42,,,,-26724.0,36571808.0
POL,1984,,2.37,,,,-18402.0,36904134.0
POL,1985,,2.33,,,25.1,-27277.0,37201885.0
POL,1986,,2.22,,,28.0,-22520.0,37456119.0
POL,1987,,2.15,,,25.5,-32310.0,37668045.0
POL,1988,,2.13,,,,-101671.0,37824487.0
POL,1989,,2.08,,,26.8,-49192.0,37961529.0
POL,1990,,2.06,53.635,5111.3453296443,,-50339.0,38110782.0
POL,1991,52.913,2.07,53.531,4735.9276980893,,-55342.0,38246193.0
POL,1992,52.686,1.95,53.324,4840.16858549117,29.3,-46893.0,38363667.0
POL,1993,51.702,1.87,52.807,5008.34908886395,26.7,-48805.0,38461408.0
POL,1994,50.872,1.81,52.488,5262.31523522496,,-41845.0,38542652.0
POL,1995,50.643,1.62,51.451,5671.89573674798,34.6,-52989.0,38594998.0
POL,1996,50.721,1.59,50.857,6012.95806433166,32.6,-45349.0,38624370.0
POL,1997,50.942,1.51,49.805,6391.13172823376,,-44230.0,38649660.0
POL,1998,51.105,1.44,49.533,6684.11477782234,32.3,-39509.0,38663481.0
POL,1999,49.229,1.37,49.181,6998.79475144289,32.3,-53035.0,38660271.0
POL,2000,48.049,1.37,49.882,7401.57697647848,33.0,-15921.0,38258629.0
POL,2001,46.131,1.31,50.017,7494.96089503246,32.8,-16648.0,38248076.0
POL,2002,44.198,1.25,48.706,7640.99307757777,34.1,-16462.0,38230364.0
POL,2003,43.871,1.22,48.118,7915.55424389704,34.9,-19039.0,38204570.0
POL,2004,44.114,1.23,47.387,8323.38773754587,38.0,-38216.0,38182222.0
POL,2005,45.254,1.24,47.677,8598.57681241557,35.8,-41942.0,38165445.0
POL,2006,46.523,1.27,46.523,9137.65850849801,34.7,-68882.0,38141267.0
POL,2007,48.601,1.31,46.217,9760.7042604352,34.0,-51235.0,38120560.0
POL,2008,50.438,1.39,46.571,10187.2017910883,33.5,-42288.0,38125759.0
POL,2009,50.535,1.4,47.3,10446.5289138524,33.4,-8283.0,38151603.0
POL,2010,50.47,1.41,48.219,10808.3975674238,33.2,119623.0,38042794.0
POL,2011,50.692,1.33,48.308,11370.313427173,33.2,45951.0,38063255.0
POL,2012,50.78,1.33,48.732,11542.2353368014,33.0,4635.0,38063164.0
POL,2013,50.739,1.29,48.799,11628.2286809525,33.1,12402.0,38040196.0
POL,2014,51.865,1.32,49.243,12093.1622787394,32.8,5525.0,38011735.0
POL,2015,52.608,1.32,49.139,12637.5220324406,31.8,3887.0,37986412.0
POL,2016,53.553,1.39,49.176,13026.1858988718,31.2,-5675.0,37970087.0
POL,2017,54.537,1.48,49.315,13695.6452848724,29.7,-21535.0,37974826.0
POL,2018,55.115,1.46,49.432,14551.0850277089,30.2,-223.0,37974750.0
POL,2019,55.375,1.44,49.178,15221.3090624454,28.8,7696.0,37965475.0
POL,2020,55.365,1.39,48.923,15090.2228440113,28.5,3920.0,37515748.0
POL,2021,56.412,1.33,50.573,16368.6239689025,28.5,2251.0,36981559.0
POL,2022,56.917,1.29,51.167,17303.64494323,28.9,967744.0,36821749.0
POL,2023,57.268,1.158,51.867,17410.3830137066,28.5,-7824.0,36687353.0
POL,2024,57.136,,51.597,17984.380010913,,-238062.0,36554707.0
SWE,1960,,2.17,,16812.1516240215,,1080.0,7484656.0
SWE,1961,,2.21,,17683.7975832265,,14401.0,7519998.0
SWE,1962,,2.25,,18335.5525204348,,9627.0,7561588.0
SWE,1963,,2.33,,19203.9132563583,,11009.0,7604328.0
SWE,1964,,2.47,,20361.152432127,,23581.0,7661354.0
SWE,1965,,2.39,,20941.0909368293,,32444.0,7733853.0
SWE,1966,,2.37,,21176.4666194924,,24920.0,7807797.0
SWE,1967,,2.28,,21721.8399875772,,11075.0,7867931.0
SWE,1968,,2.07,,22386.0274390337,,8545.0,7912273.0
SWE,1969,,1.93,,23342.7425074727,,48824.0,7968072.0
SWE,1970,,1.92,,24622.9478688502,,47242.0,8042801.0
SWE,1971,,1.96,,24685.1047759294,,2334.0,8098334.0
SWE,1972,,1.91,,25175.5783823278,,-13519.0,8122300.0
SWE,1973,,1.87,,26129.4639426887,,-9551.0,8136312.0
SWE,1974,,1.87,,26887.0053884814,,9217.0,8159955.0
SWE,1975,,1.77,,27464.0686199554,24.3,16564.0,8192437.0
SWE,1976,,1.68,,27653.9107263575,,20324.0,8222286.0
SWE,1977,,1.64,,27116.006990994,,23528.0,8251540.0
SWE,1978,,1.6,,27510.7438552082,,13807.0,8275599.0
SWE,1979,,1.66,,28504.8851766187,,13895.0,8293678.0
SWE,1980,,1.68,,28930.6720913254,,10040.0,8310531.0
SWE,1981,,1.63,,29027.4269175514,22.9,3209.0,8320503.0
SWE,1982,,1.62,,29373.0783725982,,2524.0,8325263.0
SWE,1983,,1.61,,29917.8065250357,,2105.0,8329033.0
SWE,1984,,1.66,,31154.8675235362,,8668.0,8336605.0
SWE,1985,,1.74,,31775.4021035294,,11464.0,8350386.0
SWE,1986,,1.8,,32554.7804712341,,15211.0,8369829.0
SWE,1987,,1.84,,33534.5321330053,23.1,21335.0,8397804.0
SWE,1988,,1.96,,34234.9882115333,,30064.0,8436489.0
SWE,1989,,2.01,,34910.1676569683,,44565.0,8492964.0
SWE,1990,,2.13,62.818,34902.9205913017,,35668.0,8558835.0
SWE,1991,64.148,2.11,62.146,34268.5547106112,,25314.0,8617375.0
SWE,1992,61.18,2.09,60.79,33673.4365886925,24.9,20507.0,8668067.0
SWE,1993,57.531,1.99,59.365,32786.8795050758,,32725.0,8718561.0
SWE,1994,56.709,1.88,58.551,33861.9713554808,,51545.0,8780745.0
SWE,1995,57.608,1.73,59.007,35063.900901103,25.2,11621.0,8826939.0
SWE,1996,56.998,1.6,59.075,35604.9683668007,,5773.0,8840998.0
SWE,1997,56.219,1.52,58.598,36675.207716884,,6047.0,8846062.0
SWE,1998,56.53,1.5,57.363,38211.1186223064,,11325.0,8850974.0
SWE,1999,57.838,1.5,58.378,39785.3801551236,,13940.0,8857874.0
SWE,2000,58.607,1.54,58.106,41561.0967199358,27.0,24900.0,8872109.0
SWE,2001,59.723,1.57,58.578,42013.7004290176,26.5,28856.0,8895960.0
SWE,2002,59.541,1.65,58.716,42831.0188566865,26.2,31364.0,8924958.0
SWE,2003,59.16,1.71,58.793,43474.5792121957,25.3,29161.0,8958229.0
SWE,2004,58.233,1.75,58.466,45113.8308507663,26.1,25842.0,8993531.0
SWE,2005,58.297,1.77,59.116,46188.8411096468,26.8,27030.0,9029572.0
SWE,2006,58.86,1.85,59.232,48077.440868765,26.4,51675.0,9080505.0
SWE,2007,59.777,1.88,59.706,49261.2399479074,27.1,54907.0,9148092.0
SWE,2008,59.883,1.91,59.836,48427.7563790621,28.1,56452.0,9219637.0
SWE,2009,58.069,1.94,59.378,45973.5537677715,27.3,63638.0,9298515.0
SWE,2010,57.764,1.98,58.99,48204.6580769325,27.7,51175.0,9378126.0
SWE,2011,58.585,1.9,59.54,49355.6899477279,27.6,46049.0,9449213.0
SWE,2012,58.469,1.91,59.731,48788.8671210682,27.6,52879.0,9519374.0
SWE,2013,58.721,1.89,60.14,48927.5973079916,28.8,66760.0,9600379.0
SWE,2014,58.828,1.88,60.293,49556.7004954366,28.4,77654.0,9696110.0
SWE,2015,59.19,1.85,60.582,51197.9529341175,29.2,80534.0,9799186.0
SWE,2016,59.618,1.85,60.713,51746.6969646457,29.6,119234.0,9923085.0
SWE,2017,60.09,1.78,61.06,51985.9324672002,28.8,102671.0,10057698.0
SWE,2018,60.421,1.76,61.283,52363.3829129568,30.0,87517.0,10175214.0
SWE,2019,60.198,1.71,61.346,53156.8613139843,29.3,72619.0,10278887.0
SWE,2020,58.874,1.67,60.624,51715.7810359674,28.9,37302.0,10353442.0
SWE,2021,58.773,1.67,60.928,54458.3535629927,29.8,51947.0,10415811.0
SWE,2022,59.963,1.53,61.217,54878.2919499171,31.6,58955.0,10486941.0
SWE,2023,60.077,1.45,61.763,54557.129996126,29.3,55209.0,10536632.0
SWE,2024,59.414,,61.679,54916.0303899717,,50115.0,10569709.0
USA,1960,,3.654,,18853.7217509669,,422708.0,180671000.0
USA,1961,,3.62,,19019.4652460385,,580333.0,183691000.0
USA,1962,,3.461,,19877.215292714,,625617.0,186538000.0
USA,1963,,3.319,,20446.9297323947,36.7,639495.0,189242000.0
USA,1964,,3.19,,21326.9266882957,37.4,618635.0,191889000.0
USA,1965,,2.913,,22430.6652310647,36.8,644902.0,194303000.0
USA,1966,,2.721,,23635.4971627863,37.1,637692.0,196560000.0
USA,1967,,2.558,,24020.7533179974,36.9,585410.0,198712000.0
USA,1968,,2.464,,24950.882784753,36.3,594514.0,200706000.0
USA,1969,,2.456,,25479.7488035953,36.0,523740.0,202677000.0
USA,1970,,2.48,,25231.1271568518,36.6,744902.0,205052000.0
USA,1971,,2.266,,25734.4828326397,36.9,833549.0,207661000.0
USA,1972,,2.01,,26798.5336088951,36.7,833543.0,209896000.0
USA,1973,,1.879,,28042.5519161983,36.1,783163.0,211909000.0
USA,1974,,1.835,,27637.2997739418,35.5,706978.0,213854000.0
USA,1975,,1.774,,27309.8688161152,35.6,655078.0,215973000.0
USA,1976,,1.738,,28509.143056991,35.6,635590.0,218035000.0
USA,1977,,1.79,,29528.9663680223,35.5,577060.0,220239000.0
USA,1978,,1.76,,30834.99923167,34.8,556521.0,222585000.0
USA,1979,,1.808,,31462.1003883959,34.8,503559.0,225055000.0
USA,1980,,1.8395,,31081.62163338,34.7,595916.0,227225000.0
USA,1981,,1.812,,31559.1293373937,35.5,583070.0,229466000.0
USA,1982,,1.8275,,30696.0834358718,36.7,600149.0,231664000.0
USA,1983,,1.799,,31810.9216083487,37.3,662840.0,233792000.0
USA,1984,,1.8065,,33818.8235524677,37.3,622793.0,235825000.0
USA,1985,,1.844,,34918.1302027193,37.6,598777.0,237924000.0
USA,1986,,1.8375,,35794.8877745985,37.6,493082.0,240133000.0
USA,1987,,1.872,,36701.9453883904,37.2,480815.0,242289000.0
USA,1988,,1.934,,37889.3773472194,37.7,460778.0,244499000.0
USA,1989,,2.014,,38911.5418949927,38.2,400998.0,246819000.0
USA,1990,,2.081,55.998,39200.0658103964,38.3,1084720.0,249623000.0
USA,1991,60.58,2.0625,55.877,38637.8398159491,38.0,1202426.0,252981000.0
USA,1992,60.358,2.046,56.299,39447.9472847522,38.4,1304880.0,256514000.0
USA,1993,60.64,2.0195,56.403,40002.4762262205,40.4,1228478.0,259919000.0
USA,1994,61.469,2.0015,57.345,41106.9881841375,40.0,1179309.0,263126000.0
USA,1995,61.897,1.978,57.575,41710.8207239918,39.9,1173016.0,266278000.0
USA,1996,62.189,1.976,57.856,42783.8165710653,40.3,1141648.0,269394000.0
USA,1997,62.78,1.971,58.4,44151.6860411494,40.5,1116922.0,272657000.0
USA,1998,63.033,1.999,58.386,45596.4306860229,40.0,1225134.0,275854000.0
USA,1999,63.27,2.0075,58.551,47234.2455275781,40.0,1156311.0,279040000.0
USA,2000,63.506,2.056,58.682,48616.2546267835,40.1,1248392.0,282162411.0
USA,2001,62.746,2.0305,58.521,48597.4246130164,40.6,1312455.0,284968955.0
USA,2002,61.793,2.0205,58.351,48967.3661209521,40.4,1336518.0,287625193.0
USA,2003,61.314,2.0475,58.224,49905.5233079503,40.8,1331376.0,290107933.0
USA,2004,61.407,2.0515,57.944,51348.3473392466,40.5,1313467.0,292805298.0
USA,2005,61.742,2.057,58.04,52649.5713058632,41.3,1369224.0,295516599.0
USA,2006,62.162,2.108,58.161,53596.3152369749,41.7,1347750.0,298379912.0
USA,2007,61.99,2.12,58.085,54152.8292653448,41.1,1371353.0,301231207.0
USA,2008,61.226,2.072,58.293,53703.9628962873,41.1,1416841.0,304093966.0
USA,2009,58.412,2.002,58.055,51863.6183424227,40.8,1387306.0,306771529.0
USA,2010,57.592,1.931,57.516,52812.682985453,40.2,1594453.0,309378227.0
USA,2011,57.574,1.8945,56.997,53215.5362316915,41.2,1624033.0,311839461.0
USA,2012,58.017,1.8805,56.777,54000.8410760833,41.2,1632007.0,314339099.0
USA,2013,58.108,1.8575,56.362,54728.8601798884,40.9,1663885.0,316726282.0
USA,2014,58.595,1.8625,56.197,55665.2411167663,41.7,1672598.0,319257560.0
USA,2015,58.979,1.8435,55.938,56849.4697923159,41.5,1722127.0,321815121.0
USA,2016,59.391,1.8205,56.095,57430.8499282527,41.3,1889129.0,324353340.0
USA,2017,59.824,1.7655,56.395,58435.9707521832,41.4,1864738.0,326608609.0
USA,2018,60.153,1.7295,56.471,59817.6556796969,41.8,1764961.0,328529577.0
USA,2019,60.542,1.706,56.868,61047.9648235152,41.9,1774500.0,330226227.0
USA,2020,56.598,1.6415,55.704,59484.0335530935,40.0,329769.0,331577720.0
USA,2021,58.211,1.664,55.632,62986.6563127547,39.7,674787.0,332099760.0
USA,2022,59.539,1.6565,56.03,64198.4324880296,41.7,1319009.0,334017321.0
USA,2023,59.821,1.6165,56.602,65505.2557007675,41.8,1322668.0,336806231.0
USA,2024,59.399,,56.51,66682.6147044553,,1286132.0,340110988.0
ZAF,1960,,6.105,,3993.43679652042,,18891.0,16440172.0
ZAF,1961,,6.08,,4032.2227245037,,57728.0,16908035.0
ZAF,1962,,6.046,,4155.85711467972,,69771.0,17418522.0
ZAF,1963,,6.012,,4329.07391977209,,72844.0,17954564.0
ZAF,1964,,5.955,,4532.23430548773,,76298.0,18511361.0
ZAF,1965,,5.892,,4664.09699107786,,82514.0,19089380.0
ZAF,1966,,5.907,,4722.49942007925,,77417.0,19690087.0
ZAF,1967,,5.852,,4906.85685086378,,81932.0,20314066.0
ZAF,1968,,5.782,,4953.80064833126,,78932.0,20957287.0
ZAF,1969,,5.719,,5029.64691362757,,73225.0,21614676.0
ZAF,1970,,5.634,,5135.5615026895,,61514.0,22279984.0
ZAF,1971,,5.569,,5200.7432180827,,32961.0,22942143.0
ZAF,1972,,5.49,,5137.37692437712,,38163.0,23609456.0
ZAF,1973,,5.413,,5220.82176643606,,41125.0,24294263.0
ZAF,1974,,5.298,,5385.83133677931,,38518.0,24989108.0
ZAF,1975,,5.191,,5327.51843473453,,38809.0,25690940.0
ZAF,1976,,5.071,,5301.98639575895,,27333.0,26395450.0
ZAF,1977,,4.942,,5155.68575875517,,63739.0,27118952.0
ZAF,1978,,4.853,,5168.06930314104,,62121.0,27869507.0
ZAF,1979,,4.818,,5220.72505658187,,56323.0,28634162.0
ZAF,1980,,4.78,,5399.54067871187,,258127.0,29518857.0
ZAF,1981,,4.712,,5498.59203384975,,279985.0,30541044.0
ZAF,1982,,4.696,,5291.38261097586,,293195.0,31615339.0
ZAF,1983,,4.626,,5015.37142372166,,310172.0,32739304.0
ZAF,1984,,4.566,,5091.71936365917,,290789.0,33892788.0
ZAF,1985,,4.495,,4865.05694085787,,244940.0,35042093.0
ZAF,1986,,4.409,,4712.81869464239,,234378.0,36180515.0
ZAF,1987,,4.352,,4664.13011613961,,231009.0,37326190.0
ZAF,1988,,4.18,,4714.22284174624,,246382.0,38480649.0
ZAF,1989,,3.983,,4687.291051902,,255605.0,39628575.0
ZAF,1990,,3.724,50.189,4544.23023212165,,259718.0,40746268.0
ZAF,1991,48.118,3.618,50.234,4396.36069450543,,-39131.0,41687898.0
ZAF,1992,47.968,3.479,50.324,4225.814328485,,-71342.0,42443509.0
ZAF,1993,47.932,3.372,50.259,4193.59826135345,59.3,194977.0,43297156.0
ZAF,1994,48.062,3.258,50.368,4258.26184733408,,-268849.0,44004139.0
ZAF,1995,48.331,3.172,50.728,4337.29729686998,,-98403.0,44541554.0
ZAF,1996,48.448,2.991,51.049,4465.50649854807,,-193007.0,45123018.0
ZAF,1997,48.343,2.734,51.307,4527.04992403877,,-98181.0,45666838.0
ZAF,1998,48.044,2.63,51.416,4494.85711232358,,-82722.0,46223880.0
ZAF,1999,47.746,2.559,51.545,4552.85007973031,,-126011.0,46730335.0
ZAF,2000,47.557,2.413,51.692,4700.87555500704,57.8,-136794.0,47159719.0
ZAF,2001,47.377,2.373,51.848,4786.482450463,,-60793.0,47566800.0
ZAF,2002,47.163,2.324,52.004,4916.81498068625,,50313.0,48019415.0
ZAF,2003,46.877,2.358,52.154,5011.62223150169,,65604.0,48500348.0
ZAF,2004,46.729,2.436,52.287,5187.35683424034,,58924.0,48991421.0
ZAF,2005,46.615,2.512,52.394,5406.07581377638,64.8,31286.0,49490033.0
ZAF,2006,46.565,2.548,52.483,5650.9883176549,,33159.0,49998277.0
ZAF,2007,46.474,2.545,52.562,5891.42069421698,,36339.0,50528584.0
ZAF,2008,46.314,2.679,52.624,6009.71963138635,63.0,36869.0,51114599.0
ZAF,2009,44.402,2.501,51.283,5847.05811084505,,41528.0,51728516.0
ZAF,2010,40.8,2.445,47.036,5953.94506512821,63.4,68563.0,52344051.0
ZAF,2011,42.33,2.436,49.751,6067.12482726885,,65166.0,52995205.0
ZAF,2012,42.122,2.447,49.297,6121.55783860713,,264091.0,53782567.0
ZAF,2013,42.411,2.428,49.782,6170.87670863373,,232230.0,54678791.0
ZAF,2014,42.131,2.424,49.515,6155.00589462516,63.0,272697.0,55594838.0
ZAF,2015,43.184,2.359,51.002,6112.27382485974,,641150.0,56723537.0
ZAF,2016,42.583,2.261,51.115,6095.295060428,,-879235.0,57259551.0
ZAF,2017,42.885,2.283,52.293,6125.6920507497,,343146.0,57635162.0
ZAF,2018,42.49,2.27,51.674,6117.2701406047,,318260.0,58613001.0
ZAF,2019,41.722,2.264,52.027,6032.82972598668,,331124.0,59587885.0
ZAF,2020,38.719,2.257,48.681,5569.58483319272,,369901.0,60562381.0
ZAF,2021,36.798,2.248,49.618,5756.19549409213,,458246.0,61502603.0
ZAF,2022,37.999,2.227,50.865,5783.86090401536,,233284.0,62378410.0
ZAF,2023,39.742,2.216,52.929,5747.41965026414,,228222.0,63212384.0
ZAF,2024,39.116,,52.992,5708.96442241707,,166972.0,64007187.0
